Stage1_Source,Stage1_Source_Amount,Stage2_Receipt_Type,t,pct_of_receipts,pillar2_rank_wt,pillar2_rank,pillar1_rank,pillar1_rank_wt,sigmoid,curve
Social Insurance and Retirement Receipts,106425000000,Receipt,-6.0,0.44267020497803805,368.0,1.0,1.05,386.40000000000003,0.002472623156634775,386.35450373391797
Customs Duties,2421000000,Receipt,-6.0,0.01007004525489152,74.0,7.0,6.6499999999999995,70.3,0.002472623156634775,70.30914870567955
Miscellaneous Receipts,11516000000,Receipt,-6.0,0.04790030613603088,221.0,4.0,4.0,221.0,0.002472623156634775,221.0
Deficit,88426000000,Deficit,-6.0,0.367804139491548,270.0,3.0,3.1500000000000004,283.5,0.002472623156634775,283.4666195873854
Individual Income Taxes,103981000000,Receipt,-6.0,0.4325044922134966,319.0,2.0,2.1,334.95,0.002472623156634775,334.91056166065164
Excise Taxes,8123000000,Receipt,-6.0,0.03378726873419406,172.0,5.0,4.75,163.4,0.002472623156634775,163.42126455914706
Corporation Income Taxes,5935000000,Receipt,-6.0,0.02468637694662585,123.0,6.0,5.699999999999999,116.85,0.002472623156634775,116.8652066324133
Estate and Gift Taxes,2015000000,Receipt,-6.0,0.008381305736723013,25.0,8.0,7.6,23.75,0.002472623156634775,23.753090778945793
Corporation Income Taxes,5935000000,Receipt,-5.75,0.02468637694662585,123.0,6.0,5.699999999999999,116.85,0.0031726828424851906,116.86951199948128
Individual Income Taxes,103981000000,Receipt,-5.75,0.4325044922134966,319.0,2.0,2.1,334.95,0.0031726828424851906,334.8993957086623
Excise Taxes,8123000000,Receipt,-5.75,0.03378726873419406,172.0,5.0,4.75,163.4,0.0031726828424851906,163.4272850724454
Miscellaneous Receipts,11516000000,Receipt,-5.75,0.04790030613603088,221.0,4.0,4.0,221.0,0.0031726828424851906,221.0
Social Insurance and Retirement Receipts,106425000000,Receipt,-5.75,0.44267020497803805,368.0,1.0,1.05,386.40000000000003,0.0031726828424851906,386.3416226356983
Customs Duties,2421000000,Receipt,-5.75,0.01007004525489152,74.0,7.0,6.6499999999999995,70.3,0.0031726828424851906,70.3117389265172
Estate and Gift Taxes,2015000000,Receipt,-5.75,0.008381305736723013,25.0,8.0,7.6,23.75,0.0031726828424851906,23.753965853553108
Deficit,88426000000,Deficit,-5.75,0.367804139491548,270.0,3.0,3.1500000000000004,283.5,0.0031726828424851906,283.4571687816264
Individual Income Taxes,103981000000,Receipt,-5.5,0.4325044922134966,319.0,2.0,2.1,334.95,0.0040701377158961285,334.88508130343143
Customs Duties,2421000000,Receipt,-5.5,0.01007004525489152,74.0,7.0,6.6499999999999995,70.3,0.0040701377158961285,70.31505950954882
Corporation Income Taxes,5935000000,Receipt,-5.5,0.02468637694662585,123.0,6.0,5.699999999999999,116.85,0.0040701377158961285,116.87503134695275
Excise Taxes,8123000000,Receipt,-5.5,0.03378726873419406,172.0,5.0,4.75,163.4,0.0040701377158961285,163.4350031843567
Estate and Gift Taxes,2015000000,Receipt,-5.5,0.008381305736723013,25.0,8.0,7.6,23.75,0.0040701377158961285,23.75508767214487
Social Insurance and Retirement Receipts,106425000000,Receipt,-5.5,0.44267020497803805,368.0,1.0,1.05,386.40000000000003,0.0040701377158961285,386.3251094660275
Miscellaneous Receipts,11516000000,Receipt,-5.5,0.04790030613603088,221.0,4.0,4.0,221.0,0.0040701377158961285,221.0
Deficit,88426000000,Deficit,-5.5,0.367804139491548,270.0,3.0,3.1500000000000004,283.5,0.0040701377158961285,283.4450531408354
Social Insurance and Retirement Receipts,106425000000,Receipt,-5.25,0.44267020497803805,368.0,1.0,1.05,386.40000000000003,0.005220125693558399,386.30394968723857
Corporation Income Taxes,5935000000,Receipt,-5.25,0.02468637694662585,123.0,6.0,5.699999999999999,116.85,0.005220125693558399,116.88210377301537
Estate and Gift Taxes,2015000000,Receipt,-5.25,0.008381305736723013,25.0,8.0,7.6,23.75,0.005220125693558399,23.756525157116947
Deficit,88426000000,Deficit,-5.25,0.367804139491548,270.0,3.0,3.1500000000000004,283.5,0.005220125693558399,283.429528303137
Individual Income Taxes,103981000000,Receipt,-5.25,0.4325044922134966,319.0,2.0,2.1,334.95,0.005220125693558399,334.86673899518775
Excise Taxes,8123000000,Receipt,-5.25,0.03378726873419406,172.0,5.0,4.75,163.4,0.005220125693558399,163.44489308096462
Miscellaneous Receipts,11516000000,Receipt,-5.25,0.04790030613603088,221.0,4.0,4.0,221.0,0.005220125693558399,221.0
Customs Duties,2421000000,Receipt,-5.25,0.01007004525489152,74.0,7.0,6.6499999999999995,70.3,0.005220125693558399,70.31931446506616
Individual Income Taxes,103981000000,Receipt,-5.0,0.4325044922134966,319.0,2.0,2.1,334.95,0.006692850924284857,334.8432490277576
Estate and Gift Taxes,2015000000,Receipt,-5.0,0.008381305736723013,25.0,8.0,7.6,23.75,0.006692850924284857,23.758366063655355
Deficit,88426000000,Deficit,-5.0,0.367804139491548,270.0,3.0,3.1500000000000004,283.5,0.006692850924284857,283.40964651252216
Miscellaneous Receipts,11516000000,Receipt,-5.0,0.04790030613603088,221.0,4.0,4.0,221.0,0.006692850924284857,221.0
Corporation Income Taxes,5935000000,Receipt,-5.0,0.02468637694662585,123.0,6.0,5.699999999999999,116.85,0.006692850924284857,116.89116103318435
Social Insurance and Retirement Receipts,106425000000,Receipt,-5.0,0.44267020497803805,368.0,1.0,1.05,386.40000000000003,0.006692850924284857,386.2768515429932
Customs Duties,2421000000,Receipt,-5.0,0.01007004525489152,74.0,7.0,6.6499999999999995,70.3,0.006692850924284857,70.32476354841985
Excise Taxes,8123000000,Receipt,-5.0,0.03378726873419406,172.0,5.0,4.75,163.4,0.006692850924284857,163.45755851794885
Excise Taxes,8123000000,Receipt,-4.75,0.03378726873419406,172.0,5.0,4.75,163.4,0.008577485413711988,163.47376637455793
Deficit,88426000000,Deficit,-4.75,0.367804139491548,270.0,3.0,3.1500000000000004,283.5,0.008577485413711988,283.3842039469149
Miscellaneous Receipts,11516000000,Receipt,-4.75,0.04790030613603088,221.0,4.0,4.0,221.0,0.008577485413711988,221.0
Estate and Gift Taxes,2015000000,Receipt,-4.75,0.008381305736723013,25.0,8.0,7.6,23.75,0.008577485413711988,23.76072185676714
Individual Income Taxes,103981000000,Receipt,-4.75,0.4325044922134966,319.0,2.0,2.1,334.95,0.008577485413711988,334.8131891076513
Customs Duties,2421000000,Receipt,-4.75,0.01007004525489152,74.0,7.0,6.6499999999999995,70.3,0.008577485413711988,70.33173669603073
Social Insurance and Retirement Receipts,106425000000,Receipt,-4.75,0.44267020497803805,368.0,1.0,1.05,386.40000000000003,0.008577485413711988,386.2421742683877
Corporation Income Taxes,5935000000,Receipt,-4.75,0.02468637694662585,123.0,6.0,5.699999999999999,116.85,0.008577485413711988,116.90275153529433
Individual Income Taxes,103981000000,Receipt,-4.5,0.4325044922134966,319.0,2.0,2.1,334.95,0.010986942630593181,334.774758265042
Customs Duties,2421000000,Receipt,-4.5,0.01007004525489152,74.0,7.0,6.6499999999999995,70.3,0.010986942630593181,70.34065168773319
Social Insurance and Retirement Receipts,106425000000,Receipt,-4.5,0.44267020497803805,368.0,1.0,1.05,386.40000000000003,0.010986942630593181,386.1978402555971
Estate and Gift Taxes,2015000000,Receipt,-4.5,0.008381305736723013,25.0,8.0,7.6,23.75,0.010986942630593181,23.76373367828824
Excise Taxes,8123000000,Receipt,-4.5,0.03378726873419406,172.0,5.0,4.75,163.4,0.010986942630593181,163.49448770662312
Corporation Income Taxes,5935000000,Receipt,-4.5,0.02468637694662585,123.0,6.0,5.699999999999999,116.85,0.010986942630593181,116.91756969717814
Deficit,88426000000,Deficit,-4.5,0.367804139491548,270.0,3.0,3.1500000000000004,283.5,0.010986942630593181,283.351676274487
Miscellaneous Receipts,11516000000,Receipt,-4.5,0.04790030613603088,221.0,4.0,4.0,221.0,0.010986942630593181,221.0
Corporation Income Taxes,5935000000,Receipt,-4.25,0.02468637694662585,123.0,6.0,5.699999999999999,116.85,0.014063627043245477,116.93649130631596
Estate and Gift Taxes,2015000000,Receipt,-4.25,0.008381305736723013,25.0,8.0,7.6,23.75,0.014063627043245477,23.767579533804057
Excise Taxes,8123000000,Receipt,-4.25,0.03378726873419406,172.0,5.0,4.75,163.4,0.014063627043245477,163.52094719257192
Individual Income Taxes,103981000000,Receipt,-4.25,0.4325044922134966,319.0,2.0,2.1,334.95,0.014063627043245477,334.7256851486602
Social Insurance and Retirement Receipts,106425000000,Receipt,-4.25,0.44267020497803805,368.0,1.0,1.05,386.40000000000003,0.014063627043245477,386.1412292624043
Customs Duties,2421000000,Receipt,-4.25,0.01007004525489152,74.0,7.0,6.6499999999999995,70.3,0.014063627043245477,70.35203542006
Deficit,88426000000,Deficit,-4.25,0.367804139491548,270.0,3.0,3.1500000000000004,283.5,0.014063627043245477,283.31014103491617
Miscellaneous Receipts,11516000000,Receipt,-4.25,0.04790030613603088,221.0,4.0,4.0,221.0,0.014063627043245477,221.0
Customs Duties,2421000000,Receipt,-4.0,0.01007004525489152,74.0,7.0,6.6499999999999995,70.3,0.017986209962091562,70.36654897685973
Estate and Gift Taxes,2015000000,Receipt,-4.0,0.008381305736723013,25.0,8.0,7.6,23.75,0.017986209962091562,23.772482762452615
Excise Taxes,8123000000,Receipt,-4.0,0.03378726873419406,172.0,5.0,4.75,163.4,0.017986209962091562,163.554681405674
Miscellaneous Receipts,11516000000,Receipt,-4.0,0.04790030613603088,221.0,4.0,4.0,221.0,0.017986209962091562,221.0
Social Insurance and Retirement Receipts,106425000000,Receipt,-4.0,0.44267020497803805,368.0,1.0,1.05,386.40000000000003,0.017986209962091562,386.0690537366975
Individual Income Taxes,103981000000,Receipt,-4.0,0.4325044922134966,319.0,2.0,2.1,334.95,0.017986209962091562,334.66311995110465
Corporation Income Taxes,5935000000,Receipt,-4.0,0.02468637694662585,123.0,6.0,5.699999999999999,116.85,0.017986209962091562,116.96061519126685
Deficit,88426000000,Deficit,-4.0,0.367804139491548,270.0,3.0,3.1500000000000004,283.5,0.017986209962091562,283.25718616551177
Excise Taxes,8123000000,Receipt,-3.75,0.03378726873419406,172.0,5.0,4.75,163.4,0.02297736991002562,163.59760538122623
Individual Income Taxes,103981000000,Receipt,-3.75,0.4325044922134966,319.0,2.0,2.1,334.95,0.02297736991002562,334.5835109499351
Customs Duties,2421000000,Receipt,-3.75,0.01007004525489152,74.0,7.0,6.6499999999999995,70.3,0.02297736991002562,70.38501626866709
Deficit,88426000000,Deficit,-3.75,0.367804139491548,270.0,3.0,3.1500000000000004,283.5,0.02297736991002562,283.18980550621467
Corporation Income Taxes,5935000000,Receipt,-3.75,0.02468637694662585,123.0,6.0,5.699999999999999,116.85,0.02297736991002562,116.99131082494665
Estate and Gift Taxes,2015000000,Receipt,-3.75,0.008381305736723013,25.0,8.0,7.6,23.75,0.02297736991002562,23.778721712387533
Social Insurance and Retirement Receipts,106425000000,Receipt,-3.75,0.44267020497803805,368.0,1.0,1.05,386.40000000000003,0.02297736991002562,385.97721639365557
Miscellaneous Receipts,11516000000,Receipt,-3.75,0.04790030613603088,221.0,4.0,4.0,221.0,0.02297736991002562,221.0
Social Insurance and Retirement Receipts,106425000000,Receipt,-3.5,0.44267020497803805,368.0,1.0,1.05,386.40000000000003,0.029312230751356326,385.86065495417506
Customs Duties,2421000000,Receipt,-3.5,0.01007004525489152,74.0,7.0,6.6499999999999995,70.3,0.029312230751356326,70.40845525378002
Deficit,88426000000,Deficit,-3.5,0.367804139491548,270.0,3.0,3.1500000000000004,283.5,0.029312230751356326,283.10428488485667
Corporation Income Taxes,5935000000,Receipt,-3.5,0.02468637694662585,123.0,6.0,5.699999999999999,116.85,0.029312230751356326,117.03027021912084
Estate and Gift Taxes,2015000000,Receipt,-3.5,0.008381305736723013,25.0,8.0,7.6,23.75,0.029312230751356326,23.786640288439195
Miscellaneous Receipts,11516000000,Receipt,-3.5,0.04790030613603088,221.0,4.0,4.0,221.0,0.029312230751356326,221.0
Excise Taxes,8123000000,Receipt,-3.5,0.03378726873419406,172.0,5.0,4.75,163.4,0.029312230751356326,163.65208518446167
Individual Income Taxes,103981000000,Receipt,-3.5,0.4325044922134966,319.0,2.0,2.1,334.95,0.029312230751356326,334.48246991951584
Individual Income Taxes,103981000000,Receipt,-3.25,0.4325044922134966,319.0,2.0,2.1,334.95,0.037326887344129464,334.35463614686114
Corporation Income Taxes,5935000000,Receipt,-3.25,0.02468637694662585,123.0,6.0,5.699999999999999,116.85,0.037326887344129464,117.07956035716639
Deficit,88426000000,Deficit,-3.25,0.367804139491548,270.0,3.0,3.1500000000000004,283.5,0.037326887344129464,282.99608702085425
Social Insurance and Retirement Receipts,106425000000,Receipt,-3.25,0.44267020497803805,368.0,1.0,1.05,386.40000000000003,0.037326887344129464,385.71318527286803
Miscellaneous Receipts,11516000000,Receipt,-3.25,0.04790030613603088,221.0,4.0,4.0,221.0,0.037326887344129464,221.0
Excise Taxes,8123000000,Receipt,-3.25,0.03378726873419406,172.0,5.0,4.75,163.4,0.037326887344129464,163.7210112311595
Customs Duties,2421000000,Receipt,-3.25,0.01007004525489152,74.0,7.0,6.6499999999999995,70.3,0.037326887344129464,70.43810948317328
Estate and Gift Taxes,2015000000,Receipt,-3.25,0.008381305736723013,25.0,8.0,7.6,23.75,0.037326887344129464,23.796658609180163
Customs Duties,2421000000,Receipt,-3.0,0.01007004525489152,74.0,7.0,6.6499999999999995,70.3,0.04742587317756679,70.475475730757
Deficit,88426000000,Deficit,-3.0,0.367804139491548,270.0,3.0,3.1500000000000004,283.5,0.04742587317756679,282.8597507121028
Excise Taxes,8123000000,Receipt,-3.0,0.03378726873419406,172.0,5.0,4.75,163.4,0.04742587317756679,163.80786250932707
Corporation Income Taxes,5935000000,Receipt,-3.0,0.02468637694662585,123.0,6.0,5.699999999999999,116.85,0.04742587317756679,117.14166912004202
Individual Income Taxes,103981000000,Receipt,-3.0,0.4325044922134966,319.0,2.0,2.1,334.95,0.04742587317756679,334.1935573228178
Miscellaneous Receipts,11516000000,Receipt,-3.0,0.04790030613603088,221.0,4.0,4.0,221.0,0.04742587317756679,221.0
Social Insurance and Retirement Receipts,106425000000,Receipt,-3.0,0.44267020497803805,368.0,1.0,1.05,386.40000000000003,0.04742587317756679,385.5273639335328
Estate and Gift Taxes,2015000000,Receipt,-3.0,0.008381305736723013,25.0,8.0,7.6,23.75,0.04742587317756679,23.80928234147196
Deficit,88426000000,Deficit,-2.75,0.367804139491548,270.0,3.0,3.1500000000000004,283.5,0.060086650174007626,282.6888302226509
Customs Duties,2421000000,Receipt,-2.75,0.01007004525489152,74.0,7.0,6.6499999999999995,70.3,0.060086650174007626,70.52232060564383
Corporation Income Taxes,5935000000,Receipt,-2.75,0.02468637694662585,123.0,6.0,5.699999999999999,116.85,0.060086650174007626,117.21953289857014
Estate and Gift Taxes,2015000000,Receipt,-2.75,0.008381305736723013,25.0,8.0,7.6,23.75,0.060086650174007626,23.82510831271751
Excise Taxes,8123000000,Receipt,-2.75,0.03378726873419406,172.0,5.0,4.75,163.4,0.060086650174007626,163.91674519149646
Miscellaneous Receipts,11516000000,Receipt,-2.75,0.04790030613603088,221.0,4.0,4.0,221.0,0.060086650174007626,221.0
Social Insurance and Retirement Receipts,106425000000,Receipt,-2.75,0.44267020497803805,368.0,1.0,1.05,386.40000000000003,0.060086650174007626,385.2944056367983
Individual Income Taxes,103981000000,Receipt,-2.75,0.4325044922134966,319.0,2.0,2.1,334.95,0.060086650174007626,333.99161792972455
Miscellaneous Receipts,11516000000,Receipt,-2.5,0.04790030613603088,221.0,4.0,4.0,221.0,0.07585818002124356,221.0
Corporation Income Taxes,5935000000,Receipt,-2.5,0.02468637694662585,123.0,6.0,5.699999999999999,116.85,0.07585818002124356,117.31652780713064
Social Insurance and Retirement Receipts,106425000000,Receipt,-2.5,0.44267020497803805,368.0,1.0,1.05,386.40000000000003,0.07585818002124356,385.00420948760916
Customs Duties,2421000000,Receipt,-2.5,0.01007004525489152,74.0,7.0,6.6499999999999995,70.3,0.07585818002124356,70.5806752660786
Excise Taxes,8123000000,Receipt,-2.5,0.03378726873419406,172.0,5.0,4.75,163.4,0.07585818002124356,164.0523803481827
Estate and Gift Taxes,2015000000,Receipt,-2.5,0.008381305736723013,25.0,8.0,7.6,23.75,0.07585818002124356,23.844822725026553
Deficit,88426000000,Deficit,-2.5,0.367804139491548,270.0,3.0,3.1500000000000004,283.5,0.07585818002124356,282.4759145697132
Individual Income Taxes,103981000000,Receipt,-2.5,0.4325044922134966,319.0,2.0,2.1,334.95,0.07585818002124356,333.74006202866116
Excise Taxes,8123000000,Receipt,-2.25,0.03378726873419406,172.0,5.0,4.75,163.4,0.0953494648991095,164.22000539813234
Corporation Income Taxes,5935000000,Receipt,-2.25,0.02468637694662585,123.0,6.0,5.699999999999999,116.85,0.0953494648991095,117.43639920912952
Individual Income Taxes,103981000000,Receipt,-2.25,0.4325044922134966,319.0,2.0,2.1,334.95,0.0953494648991095,333.4291760348592
Social Insurance and Retirement Receipts,106425000000,Receipt,-2.25,0.44267020497803805,368.0,1.0,1.05,386.40000000000003,0.0953494648991095,384.6455698458564
Deficit,88426000000,Deficit,-2.25,0.367804139491548,270.0,3.0,3.1500000000000004,283.5,0.0953494648991095,282.212782223862
Customs Duties,2421000000,Receipt,-2.25,0.01007004525489152,74.0,7.0,6.6499999999999995,70.3,0.0953494648991095,70.65279302012671
Miscellaneous Receipts,11516000000,Receipt,-2.25,0.04790030613603088,221.0,4.0,4.0,221.0,0.0953494648991095,221.0
Estate and Gift Taxes,2015000000,Receipt,-2.25,0.008381305736723013,25.0,8.0,7.6,23.75,0.0953494648991095,23.869186831123887
Individual Income Taxes,103981000000,Receipt,-2.0,0.4325044922134966,319.0,2.0,2.1,334.95,0.11920292202211757,333.0487133937472
Deficit,88426000000,Deficit,-2.0,0.367804139491548,270.0,3.0,3.1500000000000004,283.5,0.11920292202211757,281.8907605527014
Excise Taxes,8123000000,Receipt,-2.0,0.03378726873419406,172.0,5.0,4.75,163.4,0.11920292202211757,164.42514512939022
Corporation Income Taxes,5935000000,Receipt,-2.0,0.02468637694662585,123.0,6.0,5.699999999999999,116.85,0.11920292202211757,117.58309797043601
Social Insurance and Retirement Receipts,106425000000,Receipt,-2.0,0.44267020497803805,368.0,1.0,1.05,386.40000000000003,0.11920292202211757,384.2066662347931
Miscellaneous Receipts,11516000000,Receipt,-2.0,0.04790030613603088,221.0,4.0,4.0,221.0,0.11920292202211757,221.0
Customs Duties,2421000000,Receipt,-2.0,0.01007004525489152,74.0,7.0,6.6499999999999995,70.3,0.11920292202211757,70.74105081148183
Estate and Gift Taxes,2015000000,Receipt,-2.0,0.008381305736723013,25.0,8.0,7.6,23.75,0.11920292202211757,23.899003652527647
Excise Taxes,8123000000,Receipt,-1.75,0.03378726873419406,172.0,5.0,4.75,163.4,0.14804719803168948,164.67320590307253
Miscellaneous Receipts,11516000000,Receipt,-1.75,0.04790030613603088,221.0,4.0,4.0,221.0,0.14804719803168948,221.0
Corporation Income Taxes,5935000000,Receipt,-1.75,0.02468637694662585,123.0,6.0,5.699999999999999,116.85,0.14804719803168948,117.76049026789488
Estate and Gift Taxes,2015000000,Receipt,-1.75,0.008381305736723013,25.0,8.0,7.6,23.75,0.14804719803168948,23.935058997539613
Individual Income Taxes,103981000000,Receipt,-1.75,0.4325044922134966,319.0,2.0,2.1,334.95,0.14804719803168948,332.58864719139456
Deficit,88426000000,Deficit,-1.75,0.367804139491548,270.0,3.0,3.1500000000000004,283.5,0.14804719803168948,281.5013628265722
Customs Duties,2421000000,Receipt,-1.75,0.01007004525489152,74.0,7.0,6.6499999999999995,70.3,0.14804719803168948,70.84777463271725
Social Insurance and Retirement Receipts,106425000000,Receipt,-1.75,0.44267020497803805,368.0,1.0,1.05,386.40000000000003,0.14804719803168948,383.67593155621694
Excise Taxes,8123000000,Receipt,-1.5,0.03378726873419406,172.0,5.0,4.75,163.4,0.18242552380635635,164.96885950473467
Deficit,88426000000,Deficit,-1.5,0.367804139491548,270.0,3.0,3.1500000000000004,283.5,0.18242552380635635,281.0372554286142
Miscellaneous Receipts,11516000000,Receipt,-1.5,0.04790030613603088,221.0,4.0,4.0,221.0,0.18242552380635635,221.0
Customs Duties,2421000000,Receipt,-1.5,0.01007004525489152,74.0,7.0,6.6499999999999995,70.3,0.18242552380635635,70.97497443808352
Corporation Income Taxes,5935000000,Receipt,-1.5,0.02468637694662585,123.0,6.0,5.699999999999999,116.85,0.18242552380635635,117.97191697140909
Estate and Gift Taxes,2015000000,Receipt,-1.5,0.008381305736723013,25.0,8.0,7.6,23.75,0.18242552380635635,23.978031904757945
Social Insurance and Retirement Receipts,106425000000,Receipt,-1.5,0.44267020497803805,368.0,1.0,1.05,386.40000000000003,0.18242552380635635,383.04337036196307
Individual Income Taxes,103981000000,Receipt,-1.5,0.4325044922134966,319.0,2.0,2.1,334.95,0.18242552380635635,332.0403128952886
Deficit,88426000000,Deficit,-1.25,0.367804139491548,270.0,3.0,3.1500000000000004,283.5,0.22270013882530884,280.49354812585835
Miscellaneous Receipts,11516000000,Receipt,-1.25,0.04790030613603088,221.0,4.0,4.0,221.0,0.22270013882530884,221.0
Customs Duties,2421000000,Receipt,-1.25,0.01007004525489152,74.0,7.0,6.6499999999999995,70.3,0.22270013882530884,71.12399051365364
Estate and Gift Taxes,2015000000,Receipt,-1.25,0.008381305736723013,25.0,8.0,7.6,23.75,0.22270013882530884,24.028375173531636
Excise Taxes,8123000000,Receipt,-1.25,0.03378726873419406,172.0,5.0,4.75,163.4,0.22270013882530884,165.31522119389766
Social Insurance and Retirement Receipts,106425000000,Receipt,-1.25,0.44267020497803805,368.0,1.0,1.05,386.40000000000003,0.22270013882530884,382.30231744561434
Corporation Income Taxes,5935000000,Receipt,-1.25,0.02468637694662585,123.0,6.0,5.699999999999999,116.85,0.22270013882530884,118.21960585377565
Individual Income Taxes,103981000000,Receipt,-1.25,0.4325044922134966,319.0,2.0,2.1,334.95,0.22270013882530884,331.3979327857363
Individual Income Taxes,103981000000,Receipt,-1.0,0.4325044922134966,319.0,2.0,2.1,334.95,0.2689414213699951,330.66038432914854
Estate and Gift Taxes,2015000000,Receipt,-1.0,0.008381305736723013,25.0,8.0,7.6,23.75,0.2689414213699951,24.086176776712495
Deficit,88426000000,Deficit,-1.0,0.367804139491548,270.0,3.0,3.1500000000000004,283.5,0.2689414213699951,279.86929081150504
Miscellaneous Receipts,11516000000,Receipt,-1.0,0.04790030613603088,221.0,4.0,4.0,221.0,0.2689414213699951,221.0
Excise Taxes,8123000000,Receipt,-1.0,0.03378726873419406,172.0,5.0,4.75,163.4,0.2689414213699951,165.71289622378197
Customs Duties,2421000000,Receipt,-1.0,0.01007004525489152,74.0,7.0,6.6499999999999995,70.3,0.2689414213699951,71.29508325906897
Corporation Income Taxes,5935000000,Receipt,-1.0,0.02468637694662585,123.0,6.0,5.699999999999999,116.85,0.2689414213699951,118.50398974142547
Social Insurance and Retirement Receipts,106425000000,Receipt,-1.0,0.44267020497803805,368.0,1.0,1.05,386.40000000000003,0.2689414213699951,381.4514778467921
Excise Taxes,8123000000,Receipt,-0.75,0.03378726873419406,172.0,5.0,4.75,163.4,0.320821300824607,166.15906318709162
Individual Income Taxes,103981000000,Receipt,-0.75,0.4325044922134966,319.0,2.0,2.1,334.95,0.320821300824607,329.8329002518475
Customs Duties,2421000000,Receipt,-0.75,0.01007004525489152,74.0,7.0,6.6499999999999995,70.3,0.320821300824607,71.48703881305104
Miscellaneous Receipts,11516000000,Receipt,-0.75,0.04790030613603088,221.0,4.0,4.0,221.0,0.320821300824607,221.0
Social Insurance and Retirement Receipts,106425000000,Receipt,-0.75,0.44267020497803805,368.0,1.0,1.05,386.40000000000003,0.320821300824607,380.49688806482726
Estate and Gift Taxes,2015000000,Receipt,-0.75,0.008381305736723013,25.0,8.0,7.6,23.75,0.320821300824607,24.15102662603076
Deficit,88426000000,Deficit,-0.75,0.367804139491548,270.0,3.0,3.1500000000000004,283.5,0.320821300824607,279.1689124388678
Corporation Income Taxes,5935000000,Receipt,-0.75,0.02468637694662585,123.0,6.0,5.699999999999999,116.85,0.320821300824607,118.82305100007133
Corporation Income Taxes,5935000000,Receipt,-0.5,0.02468637694662585,123.0,6.0,5.699999999999999,116.85,0.3775406687981454,119.17187511310858
Social Insurance and Retirement Receipts,106425000000,Receipt,-0.5,0.44267020497803805,368.0,1.0,1.05,386.40000000000003,0.3775406687981454,379.45325169411416
Customs Duties,2421000000,Receipt,-0.5,0.01007004525489152,74.0,7.0,6.6499999999999995,70.3,0.3775406687981454,71.69690047455313
Excise Taxes,8123000000,Receipt,-0.5,0.03378726873419406,172.0,5.0,4.75,163.4,0.3775406687981454,166.64684975166406
Individual Income Taxes,103981000000,Receipt,-0.5,0.4325044922134966,319.0,2.0,2.1,334.95,0.3775406687981454,328.92822633266957
Estate and Gift Taxes,2015000000,Receipt,-0.5,0.008381305736723013,25.0,8.0,7.6,23.75,0.3775406687981454,24.22192583599768
Miscellaneous Receipts,11516000000,Receipt,-0.5,0.04790030613603088,221.0,4.0,4.0,221.0,0.3775406687981454,221.0
Deficit,88426000000,Deficit,-0.5,0.367804139491548,270.0,3.0,3.1500000000000004,283.5,0.3775406687981454,278.40320097122503
Social Insurance and Retirement Receipts,106425000000,Receipt,-0.25,0.44267020497803805,368.0,1.0,1.05,386.40000000000003,0.43782349911420193,378.3440476162987
Excise Taxes,8123000000,Receipt,-0.25,0.03378726873419406,172.0,5.0,4.75,163.4,0.43782349911420193,167.16528209238214
Corporation Income Taxes,5935000000,Receipt,-0.25,0.02468637694662585,123.0,6.0,5.699999999999999,116.85,0.43782349911420193,119.54261451955234
Individual Income Taxes,103981000000,Receipt,-0.25,0.4325044922134966,319.0,2.0,2.1,334.95,0.43782349911420193,327.9667151891285
Deficit,88426000000,Deficit,-0.25,0.367804139491548,270.0,3.0,3.1500000000000004,283.5,0.43782349911420193,277.5893827619583
Miscellaneous Receipts,11516000000,Receipt,-0.25,0.04790030613603088,221.0,4.0,4.0,221.0,0.43782349911420193,221.0
Estate and Gift Taxes,2015000000,Receipt,-0.25,0.008381305736723013,25.0,8.0,7.6,23.75,0.43782349911420193,24.297279373892753
Customs Duties,2421000000,Receipt,-0.25,0.01007004525489152,74.0,7.0,6.6499999999999995,70.3,0.43782349911420193,71.91994694672255
Social Insurance and Retirement Receipts,106425000000,Receipt,0.0,0.44267020497803805,368.0,1.0,1.05,386.40000000000003,0.5,377.20000000000005
Excise Taxes,8123000000,Receipt,0.0,0.03378726873419406,172.0,5.0,4.75,163.4,0.5,167.7
Individual Income Taxes,103981000000,Receipt,0.0,0.4325044922134966,319.0,2.0,2.1,334.95,0.5,326.975
Deficit,88426000000,Deficit,0.0,0.367804139491548,270.0,3.0,3.1500000000000004,283.5,0.5,276.75
Corporation Income Taxes,5935000000,Receipt,0.0,0.02468637694662585,123.0,6.0,5.699999999999999,116.85,0.5,119.925
Estate and Gift Taxes,2015000000,Receipt,0.0,0.008381305736723013,25.0,8.0,7.6,23.75,0.5,24.375
Miscellaneous Receipts,11516000000,Receipt,0.0,0.04790030613603088,221.0,4.0,4.0,221.0,0.5,221.0
Customs Duties,2421000000,Receipt,0.0,0.01007004525489152,74.0,7.0,6.6499999999999995,70.3,0.5,72.15
Excise Taxes,8123000000,Receipt,0.25,0.03378726873419406,172.0,5.0,4.75,163.4,0.5621765008857981,168.23471790761786
Customs Duties,2421000000,Receipt,0.25,0.01007004525489152,74.0,7.0,6.6499999999999995,70.3,0.5621765008857981,72.38005305327745
Miscellaneous Receipts,11516000000,Receipt,0.25,0.04790030613603088,221.0,4.0,4.0,221.0,0.5621765008857981,221.0
Estate and Gift Taxes,2015000000,Receipt,0.25,0.008381305736723013,25.0,8.0,7.6,23.75,0.5621765008857981,24.452720626107247
Social Insurance and Retirement Receipts,106425000000,Receipt,0.25,0.44267020497803805,368.0,1.0,1.05,386.40000000000003,0.5621765008857981,376.0559523837013
Individual Income Taxes,103981000000,Receipt,0.25,0.4325044922134966,319.0,2.0,2.1,334.95,0.5621765008857981,325.9832848108715
Deficit,88426000000,Deficit,0.25,0.367804139491548,270.0,3.0,3.1500000000000004,283.5,0.5621765008857981,275.9106172380417
Corporation Income Taxes,5935000000,Receipt,0.25,0.02468637694662585,123.0,6.0,5.699999999999999,116.85,0.5621765008857981,120.30738548044765
Deficit,88426000000,Deficit,0.5,0.367804139491548,270.0,3.0,3.1500000000000004,283.5,0.6224593312018546,275.09679902877497
Excise Taxes,8123000000,Receipt,0.5,0.03378726873419406,172.0,5.0,4.75,163.4,0.6224593312018546,168.75315024833594
Social Insurance and Retirement Receipts,106425000000,Receipt,0.5,0.44267020497803805,368.0,1.0,1.05,386.40000000000003,0.6224593312018546,374.9467483058859
Customs Duties,2421000000,Receipt,0.5,0.01007004525489152,74.0,7.0,6.6499999999999995,70.3,0.6224593312018546,72.60309952544686
Corporation Income Taxes,5935000000,Receipt,0.5,0.02468637694662585,123.0,6.0,5.699999999999999,116.85,0.6224593312018546,120.67812488689141
Estate and Gift Taxes,2015000000,Receipt,0.5,0.008381305736723013,25.0,8.0,7.6,23.75,0.6224593312018546,24.52807416400232
Miscellaneous Receipts,11516000000,Receipt,0.5,0.04790030613603088,221.0,4.0,4.0,221.0,0.6224593312018546,221.0
Individual Income Taxes,103981000000,Receipt,0.5,0.4325044922134966,319.0,2.0,2.1,334.95,0.6224593312018546,325.0217736673304
Estate and Gift Taxes,2015000000,Receipt,0.75,0.008381305736723013,25.0,8.0,7.6,23.75,0.679178699175393,24.59897337396924
Corporation Income Taxes,5935000000,Receipt,0.75,0.02468637694662585,123.0,6.0,5.699999999999999,116.85,0.679178699175393,121.02694899992866
Deficit,88426000000,Deficit,0.75,0.367804139491548,270.0,3.0,3.1500000000000004,283.5,0.679178699175393,274.3310875611322
Customs Duties,2421000000,Receipt,0.75,0.01007004525489152,74.0,7.0,6.6499999999999995,70.3,0.679178699175393,72.81296118694895
Individual Income Taxes,103981000000,Receipt,0.75,0.4325044922134966,319.0,2.0,2.1,334.95,0.679178699175393,324.1170997481525
Excise Taxes,8123000000,Receipt,0.75,0.03378726873419406,172.0,5.0,4.75,163.4,0.679178699175393,169.2409368129084
Miscellaneous Receipts,11516000000,Receipt,0.75,0.04790030613603088,221.0,4.0,4.0,221.0,0.679178699175393,221.0
Social Insurance and Retirement Receipts,106425000000,Receipt,0.75,0.44267020497803805,368.0,1.0,1.05,386.40000000000003,0.679178699175393,373.9031119351728
Individual Income Taxes,103981000000,Receipt,1.0,0.4325044922134966,319.0,2.0,2.1,334.95,0.7310585786300049,323.2896156708514
Excise Taxes,8123000000,Receipt,1.0,0.03378726873419406,172.0,5.0,4.75,163.4,0.7310585786300049,169.68710377621804
Customs Duties,2421000000,Receipt,1.0,0.01007004525489152,74.0,7.0,6.6499999999999995,70.3,0.7310585786300049,73.00491674093102
Corporation Income Taxes,5935000000,Receipt,1.0,0.02468637694662585,123.0,6.0,5.699999999999999,116.85,0.7310585786300049,121.34601025857452
Social Insurance and Retirement Receipts,106425000000,Receipt,1.0,0.44267020497803805,368.0,1.0,1.05,386.40000000000003,0.7310585786300049,372.94852215320793
Deficit,88426000000,Deficit,1.0,0.367804139491548,270.0,3.0,3.1500000000000004,283.5,0.7310585786300049,273.63070918849496
Miscellaneous Receipts,11516000000,Receipt,1.0,0.04790030613603088,221.0,4.0,4.0,221.0,0.7310585786300049,221.0
Estate and Gift Taxes,2015000000,Receipt,1.0,0.008381305736723013,25.0,8.0,7.6,23.75,0.7310585786300049,24.663823223287505
Estate and Gift Taxes,2015000000,Receipt,1.25,0.008381305736723013,25.0,8.0,7.6,23.75,0.7772998611746911,24.721624826468364
Customs Duties,2421000000,Receipt,1.25,0.01007004525489152,74.0,7.0,6.6499999999999995,70.3,0.7772998611746911,73.17600948634636
Social Insurance and Retirement Receipts,106425000000,Receipt,1.25,0.44267020497803805,368.0,1.0,1.05,386.40000000000003,0.7772998611746911,372.0976825543857
Corporation Income Taxes,5935000000,Receipt,1.25,0.02468637694662585,123.0,6.0,5.699999999999999,116.85,0.7772998611746911,121.63039414622435
Deficit,88426000000,Deficit,1.25,0.367804139491548,270.0,3.0,3.1500000000000004,283.5,0.7772998611746911,273.00645187414165
Individual Income Taxes,103981000000,Receipt,1.25,0.4325044922134966,319.0,2.0,2.1,334.95,0.7772998611746911,322.5520672142637
Excise Taxes,8123000000,Receipt,1.25,0.03378726873419406,172.0,5.0,4.75,163.4,0.7772998611746911,170.08477880610235
Miscellaneous Receipts,11516000000,Receipt,1.25,0.04790030613603088,221.0,4.0,4.0,221.0,0.7772998611746911,221.0
Social Insurance and Retirement Receipts,106425000000,Receipt,1.5,0.44267020497803805,368.0,1.0,1.05,386.40000000000003,0.8175744761936437,371.35662963803696
Individual Income Taxes,103981000000,Receipt,1.5,0.4325044922134966,319.0,2.0,2.1,334.95,0.8175744761936437,321.9096871047114
Deficit,88426000000,Deficit,1.5,0.367804139491548,270.0,3.0,3.1500000000000004,283.5,0.8175744761936437,272.4627445713858
Corporation Income Taxes,5935000000,Receipt,1.5,0.02468637694662585,123.0,6.0,5.699999999999999,116.85,0.8175744761936437,121.87808302859091
Excise Taxes,8123000000,Receipt,1.5,0.03378726873419406,172.0,5.0,4.75,163.4,0.8175744761936437,170.43114049526534
Customs Duties,2421000000,Receipt,1.5,0.01007004525489152,74.0,7.0,6.6499999999999995,70.3,0.8175744761936437,73.32502556191648
Estate and Gift Taxes,2015000000,Receipt,1.5,0.008381305736723013,25.0,8.0,7.6,23.75,0.8175744761936437,24.771968095242055
Miscellaneous Receipts,11516000000,Receipt,1.5,0.04790030613603088,221.0,4.0,4.0,221.0,0.8175744761936437,221.0
Corporation Income Taxes,5935000000,Receipt,1.75,0.02468637694662585,123.0,6.0,5.699999999999999,116.85,0.8519528019683106,122.08950973210511
Social Insurance and Retirement Receipts,106425000000,Receipt,1.75,0.44267020497803805,368.0,1.0,1.05,386.40000000000003,0.8519528019683106,370.7240684437831
Estate and Gift Taxes,2015000000,Receipt,1.75,0.008381305736723013,25.0,8.0,7.6,23.75,0.8519528019683106,24.814941002460387
Individual Income Taxes,103981000000,Receipt,1.75,0.4325044922134966,319.0,2.0,2.1,334.95,0.8519528019683106,321.36135280860543
Customs Duties,2421000000,Receipt,1.75,0.01007004525489152,74.0,7.0,6.6499999999999995,70.3,0.8519528019683106,73.45222536728275
Excise Taxes,8123000000,Receipt,1.75,0.03378726873419406,172.0,5.0,4.75,163.4,0.8519528019683106,170.72679409692748
Deficit,88426000000,Deficit,1.75,0.367804139491548,270.0,3.0,3.1500000000000004,283.5,0.8519528019683106,271.9986371734278
Miscellaneous Receipts,11516000000,Receipt,1.75,0.04790030613603088,221.0,4.0,4.0,221.0,0.8519528019683106,221.0
Corporation Income Taxes,5935000000,Receipt,2.0,0.02468637694662585,123.0,6.0,5.699999999999999,116.85,0.8807970779778823,122.26690202956398
Estate and Gift Taxes,2015000000,Receipt,2.0,0.008381305736723013,25.0,8.0,7.6,23.75,0.8807970779778823,24.850996347472353
Miscellaneous Receipts,11516000000,Receipt,2.0,0.04790030613603088,221.0,4.0,4.0,221.0,0.8807970779778823,221.0
Excise Taxes,8123000000,Receipt,2.0,0.03378726873419406,172.0,5.0,4.75,163.4,0.8807970779778823,170.9748548706098
Deficit,88426000000,Deficit,2.0,0.367804139491548,270.0,3.0,3.1500000000000004,283.5,0.8807970779778823,271.6092394472986
Social Insurance and Retirement Receipts,106425000000,Receipt,2.0,0.44267020497803805,368.0,1.0,1.05,386.40000000000003,0.8807970779778823,370.19333376520694
Customs Duties,2421000000,Receipt,2.0,0.01007004525489152,74.0,7.0,6.6499999999999995,70.3,0.8807970779778823,73.55894918851817
Individual Income Taxes,103981000000,Receipt,2.0,0.4325044922134966,319.0,2.0,2.1,334.95,0.8807970779778823,320.90128660625277
Individual Income Taxes,103981000000,Receipt,2.25,0.4325044922134966,319.0,2.0,2.1,334.95,0.9046505351008904,320.5208239651408
Estate and Gift Taxes,2015000000,Receipt,2.25,0.008381305736723013,25.0,8.0,7.6,23.75,0.9046505351008904,24.880813168876113
Social Insurance and Retirement Receipts,106425000000,Receipt,2.25,0.44267020497803805,368.0,1.0,1.05,386.40000000000003,0.9046505351008904,369.7544301541436
Corporation Income Taxes,5935000000,Receipt,2.25,0.02468637694662585,123.0,6.0,5.699999999999999,116.85,0.9046505351008904,122.41360079087048
Customs Duties,2421000000,Receipt,2.25,0.01007004525489152,74.0,7.0,6.6499999999999995,70.3,0.9046505351008904,73.64720697987329
Miscellaneous Receipts,11516000000,Receipt,2.25,0.04790030613603088,221.0,4.0,4.0,221.0,0.9046505351008904,221.0
Excise Taxes,8123000000,Receipt,2.25,0.03378726873419406,172.0,5.0,4.75,163.4,0.9046505351008904,171.17999460186766
Deficit,88426000000,Deficit,2.25,0.367804139491548,270.0,3.0,3.1500000000000004,283.5,0.9046505351008904,271.287217776138
Corporation Income Taxes,5935000000,Receipt,2.5,0.02468637694662585,123.0,6.0,5.699999999999999,116.85,0.9241418199787566,122.53347219286935
Customs Duties,2421000000,Receipt,2.5,0.01007004525489152,74.0,7.0,6.6499999999999995,70.3,0.9241418199787566,73.7193247339214
Deficit,88426000000,Deficit,2.5,0.367804139491548,270.0,3.0,3.1500000000000004,283.5,0.9241418199787566,271.0240854302868
Social Insurance and Retirement Receipts,106425000000,Receipt,2.5,0.44267020497803805,368.0,1.0,1.05,386.40000000000003,0.9241418199787566,369.3957905123909
Miscellaneous Receipts,11516000000,Receipt,2.5,0.04790030613603088,221.0,4.0,4.0,221.0,0.9241418199787566,221.0
Excise Taxes,8123000000,Receipt,2.5,0.03378726873419406,172.0,5.0,4.75,163.4,0.9241418199787566,171.3476196518173
Estate and Gift Taxes,2015000000,Receipt,2.5,0.008381305736723013,25.0,8.0,7.6,23.75,0.9241418199787566,24.905177274973447
Individual Income Taxes,103981000000,Receipt,2.5,0.4325044922134966,319.0,2.0,2.1,334.95,0.9241418199787566,320.20993797133883
Miscellaneous Receipts,11516000000,Receipt,2.75,0.04790030613603088,221.0,4.0,4.0,221.0,0.9399133498259924,221.0
Estate and Gift Taxes,2015000000,Receipt,2.75,0.008381305736723013,25.0,8.0,7.6,23.75,0.9399133498259924,24.92489168728249
Deficit,88426000000,Deficit,2.75,0.367804139491548,270.0,3.0,3.1500000000000004,283.5,0.9399133498259924,270.8111697773491
Excise Taxes,8123000000,Receipt,2.75,0.03378726873419406,172.0,5.0,4.75,163.4,0.9399133498259924,171.48325480850355
Customs Duties,2421000000,Receipt,2.75,0.01007004525489152,74.0,7.0,6.6499999999999995,70.3,0.9399133498259924,73.77767939435617
Individual Income Taxes,103981000000,Receipt,2.75,0.4325044922134966,319.0,2.0,2.1,334.95,0.9399133498259924,319.95838207027543
Corporation Income Taxes,5935000000,Receipt,2.75,0.02468637694662585,123.0,6.0,5.699999999999999,116.85,0.9399133498259924,122.63046710142986
Social Insurance and Retirement Receipts,106425000000,Receipt,2.75,0.44267020497803805,368.0,1.0,1.05,386.40000000000003,0.9399133498259924,369.10559436320176
Deficit,88426000000,Deficit,3.0,0.367804139491548,270.0,3.0,3.1500000000000004,283.5,0.9525741268224331,270.6402492878972
Excise Taxes,8123000000,Receipt,3.0,0.03378726873419406,172.0,5.0,4.75,163.4,0.9525741268224331,171.59213749067294
Estate and Gift Taxes,2015000000,Receipt,3.0,0.008381305736723013,25.0,8.0,7.6,23.75,0.9525741268224331,24.94071765852804
Corporation Income Taxes,5935000000,Receipt,3.0,0.02468637694662585,123.0,6.0,5.699999999999999,116.85,0.9525741268224331,122.70833087995797
Individual Income Taxes,103981000000,Receipt,3.0,0.4325044922134966,319.0,2.0,2.1,334.95,0.9525741268224331,319.7564426771822
Social Insurance and Retirement Receipts,106425000000,Receipt,3.0,0.44267020497803805,368.0,1.0,1.05,386.40000000000003,0.9525741268224331,368.87263606646724
Customs Duties,2421000000,Receipt,3.0,0.01007004525489152,74.0,7.0,6.6499999999999995,70.3,0.9525741268224331,73.824524269243
Miscellaneous Receipts,11516000000,Receipt,3.0,0.04790030613603088,221.0,4.0,4.0,221.0,0.9525741268224331,221.0
Miscellaneous Receipts,11516000000,Receipt,3.25,0.04790030613603088,221.0,4.0,4.0,221.0,0.9626731126558706,221.0
Estate and Gift Taxes,2015000000,Receipt,3.25,0.008381305736723013,25.0,8.0,7.6,23.75,0.9626731126558706,24.953341390819837
Corporation Income Taxes,5935000000,Receipt,3.25,0.02468637694662585,123.0,6.0,5.699999999999999,116.85,0.9626731126558706,122.77043964283361
Excise Taxes,8123000000,Receipt,3.25,0.03378726873419406,172.0,5.0,4.75,163.4,0.9626731126558706,171.6789887688405
Deficit,88426000000,Deficit,3.25,0.367804139491548,270.0,3.0,3.1500000000000004,283.5,0.9626731126558706,270.50391297914575
Social Insurance and Retirement Receipts,106425000000,Receipt,3.25,0.44267020497803805,368.0,1.0,1.05,386.40000000000003,0.9626731126558706,368.686814727132
Individual Income Taxes,103981000000,Receipt,3.25,0.4325044922134966,319.0,2.0,2.1,334.95,0.9626731126558706,319.59536385313885
Customs Duties,2421000000,Receipt,3.25,0.01007004525489152,74.0,7.0,6.6499999999999995,70.3,0.9626731126558706,73.86189051682672
Miscellaneous Receipts,11516000000,Receipt,3.5,0.04790030613603088,221.0,4.0,4.0,221.0,0.9706877692486436,221.0
Excise Taxes,8123000000,Receipt,3.5,0.03378726873419406,172.0,5.0,4.75,163.4,0.9706877692486436,171.74791481553834
Individual Income Taxes,103981000000,Receipt,3.5,0.4325044922134966,319.0,2.0,2.1,334.95,0.9706877692486436,319.46753008048415
Deficit,88426000000,Deficit,3.5,0.367804139491548,270.0,3.0,3.1500000000000004,283.5,0.9706877692486436,270.39571511514333
Customs Duties,2421000000,Receipt,3.5,0.01007004525489152,74.0,7.0,6.6499999999999995,70.3,0.9706877692486436,73.89154474621998
Estate and Gift Taxes,2015000000,Receipt,3.5,0.008381305736723013,25.0,8.0,7.6,23.75,0.9706877692486436,24.963359711560805
Social Insurance and Retirement Receipts,106425000000,Receipt,3.5,0.44267020497803805,368.0,1.0,1.05,386.40000000000003,0.9706877692486436,368.539345045825
Corporation Income Taxes,5935000000,Receipt,3.5,0.02468637694662585,123.0,6.0,5.699999999999999,116.85,0.9706877692486436,122.81972978087916
Individual Income Taxes,103981000000,Receipt,3.75,0.4325044922134966,319.0,2.0,2.1,334.95,0.9770226300899744,319.3664890500649
Customs Duties,2421000000,Receipt,3.75,0.01007004525489152,74.0,7.0,6.6499999999999995,70.3,0.9770226300899744,73.91498373133291
Social Insurance and Retirement Receipts,106425000000,Receipt,3.75,0.44267020497803805,368.0,1.0,1.05,386.40000000000003,0.9770226300899744,368.42278360634447
Estate and Gift Taxes,2015000000,Receipt,3.75,0.008381305736723013,25.0,8.0,7.6,23.75,0.9770226300899744,24.971278287612467
Miscellaneous Receipts,11516000000,Receipt,3.75,0.04790030613603088,221.0,4.0,4.0,221.0,0.9770226300899744,221.0
Corporation Income Taxes,5935000000,Receipt,3.75,0.02468637694662585,123.0,6.0,5.699999999999999,116.85,0.9770226300899744,122.85868917505334
Excise Taxes,8123000000,Receipt,3.75,0.03378726873419406,172.0,5.0,4.75,163.4,0.9770226300899744,171.80239461877377
Deficit,88426000000,Deficit,3.75,0.367804139491548,270.0,3.0,3.1500000000000004,283.5,0.9770226300899744,270.31019449378533
Customs Duties,2421000000,Receipt,4.0,0.01007004525489152,74.0,7.0,6.6499999999999995,70.3,0.9820137900379085,73.93345102314026
Estate and Gift Taxes,2015000000,Receipt,4.0,0.008381305736723013,25.0,8.0,7.6,23.75,0.9820137900379085,24.977517237547385
Miscellaneous Receipts,11516000000,Receipt,4.0,0.04790030613603088,221.0,4.0,4.0,221.0,0.9820137900379085,221.0
Individual Income Taxes,103981000000,Receipt,4.0,0.4325044922134966,319.0,2.0,2.1,334.95,0.9820137900379085,319.28688004889534
Deficit,88426000000,Deficit,4.0,0.367804139491548,270.0,3.0,3.1500000000000004,283.5,0.9820137900379085,270.24281383448823
Corporation Income Taxes,5935000000,Receipt,4.0,0.02468637694662585,123.0,6.0,5.699999999999999,116.85,0.9820137900379085,122.88938480873314
Excise Taxes,8123000000,Receipt,4.0,0.03378726873419406,172.0,5.0,4.75,163.4,0.9820137900379085,171.84531859432602
Social Insurance and Retirement Receipts,106425000000,Receipt,4.0,0.44267020497803805,368.0,1.0,1.05,386.40000000000003,0.9820137900379085,368.3309462633025
Deficit,88426000000,Deficit,4.25,0.367804139491548,270.0,3.0,3.1500000000000004,283.5,0.9859363729567544,270.18985896508383
Corporation Income Taxes,5935000000,Receipt,4.25,0.02468637694662585,123.0,6.0,5.699999999999999,116.85,0.9859363729567544,122.91350869368404
Social Insurance and Retirement Receipts,106425000000,Receipt,4.25,0.44267020497803805,368.0,1.0,1.05,386.40000000000003,0.9859363729567544,368.25877073759574
Excise Taxes,8123000000,Receipt,4.25,0.03378726873419406,172.0,5.0,4.75,163.4,0.9859363729567544,171.87905280742808
Individual Income Taxes,103981000000,Receipt,4.25,0.4325044922134966,319.0,2.0,2.1,334.95,0.9859363729567544,319.2243148513398
Customs Duties,2421000000,Receipt,4.25,0.01007004525489152,74.0,7.0,6.6499999999999995,70.3,0.9859363729567544,73.94796457993999
Estate and Gift Taxes,2015000000,Receipt,4.25,0.008381305736723013,25.0,8.0,7.6,23.75,0.9859363729567544,24.982420466195943
Miscellaneous Receipts,11516000000,Receipt,4.25,0.04790030613603088,221.0,4.0,4.0,221.0,0.9859363729567544,221.0
Estate and Gift Taxes,2015000000,Receipt,4.5,0.008381305736723013,25.0,8.0,7.6,23.75,0.9890130573694068,24.98626632171176
Excise Taxes,8123000000,Receipt,4.5,0.03378726873419406,172.0,5.0,4.75,163.4,0.9890130573694068,171.9055122933769
Deficit,88426000000,Deficit,4.5,0.367804139491548,270.0,3.0,3.1500000000000004,283.5,0.9890130573694068,270.148323725513
Miscellaneous Receipts,11516000000,Receipt,4.5,0.04790030613603088,221.0,4.0,4.0,221.0,0.9890130573694068,221.0
Customs Duties,2421000000,Receipt,4.5,0.01007004525489152,74.0,7.0,6.6499999999999995,70.3,0.9890130573694068,73.95934831226681
Corporation Income Taxes,5935000000,Receipt,4.5,0.02468637694662585,123.0,6.0,5.699999999999999,116.85,0.9890130573694068,122.93243030282186
Social Insurance and Retirement Receipts,106425000000,Receipt,4.5,0.44267020497803805,368.0,1.0,1.05,386.40000000000003,0.9890130573694068,368.20215974440293
Individual Income Taxes,103981000000,Receipt,4.5,0.4325044922134966,319.0,2.0,2.1,334.95,0.9890130573694068,319.175241734958
Customs Duties,2421000000,Receipt,4.75,0.01007004525489152,74.0,7.0,6.6499999999999995,70.3,0.991422514586288,73.96826330396927
Excise Taxes,8123000000,Receipt,4.75,0.03378726873419406,172.0,5.0,4.75,163.4,0.991422514586288,171.92623362544208
Social Insurance and Retirement Receipts,106425000000,Receipt,4.75,0.44267020497803805,368.0,1.0,1.05,386.40000000000003,0.991422514586288,368.1578257316123
Estate and Gift Taxes,2015000000,Receipt,4.75,0.008381305736723013,25.0,8.0,7.6,23.75,0.991422514586288,24.98927814323286
Corporation Income Taxes,5935000000,Receipt,4.75,0.02468637694662585,123.0,6.0,5.699999999999999,116.85,0.991422514586288,122.94724846470567
Deficit,88426000000,Deficit,4.75,0.367804139491548,270.0,3.0,3.1500000000000004,283.5,0.991422514586288,270.1157960530851
Miscellaneous Receipts,11516000000,Receipt,4.75,0.04790030613603088,221.0,4.0,4.0,221.0,0.991422514586288,221.0
Individual Income Taxes,103981000000,Receipt,4.75,0.4325044922134966,319.0,2.0,2.1,334.95,0.991422514586288,319.1368108923487
Individual Income Taxes,103981000000,Receipt,5.0,0.4325044922134966,319.0,2.0,2.1,334.95,0.9933071490757153,319.10675097224237
Social Insurance and Retirement Receipts,106425000000,Receipt,5.0,0.44267020497803805,368.0,1.0,1.05,386.40000000000003,0.9933071490757153,368.12314845700683
Deficit,88426000000,Deficit,5.0,0.367804139491548,270.0,3.0,3.1500000000000004,283.5,0.9933071490757153,270.09035348747784
Miscellaneous Receipts,11516000000,Receipt,5.0,0.04790030613603088,221.0,4.0,4.0,221.0,0.9933071490757153,221.0
Excise Taxes,8123000000,Receipt,5.0,0.03378726873419406,172.0,5.0,4.75,163.4,0.9933071490757153,171.94244148205115
Customs Duties,2421000000,Receipt,5.0,0.01007004525489152,74.0,7.0,6.6499999999999995,70.3,0.9933071490757153,73.97523645158014
Estate and Gift Taxes,2015000000,Receipt,5.0,0.008381305736723013,25.0,8.0,7.6,23.75,0.9933071490757153,24.991633936344645
Corporation Income Taxes,5935000000,Receipt,5.0,0.02468637694662585,123.0,6.0,5.699999999999999,116.85,0.9933071490757153,122.95883896681565
Customs Duties,2421000000,Receipt,5.25,0.01007004525489152,74.0,7.0,6.6499999999999995,70.3,0.9947798743064417,73.98068553493384
Excise Taxes,8123000000,Receipt,5.25,0.03378726873419406,172.0,5.0,4.75,163.4,0.9947798743064417,171.9551069190354
Individual Income Taxes,103981000000,Receipt,5.25,0.4325044922134966,319.0,2.0,2.1,334.95,0.9947798743064417,319.08326100481224
Estate and Gift Taxes,2015000000,Receipt,5.25,0.008381305736723013,25.0,8.0,7.6,23.75,0.9947798743064417,24.993474842883053
Social Insurance and Retirement Receipts,106425000000,Receipt,5.25,0.44267020497803805,368.0,1.0,1.05,386.40000000000003,0.9947798743064417,368.09605031276146
Miscellaneous Receipts,11516000000,Receipt,5.25,0.04790030613603088,221.0,4.0,4.0,221.0,0.9947798743064417,221.0
Deficit,88426000000,Deficit,5.25,0.367804139491548,270.0,3.0,3.1500000000000004,283.5,0.9947798743064417,270.070471696863
Corporation Income Taxes,5935000000,Receipt,5.25,0.02468637694662585,123.0,6.0,5.699999999999999,116.85,0.9947798743064417,122.96789622698462
Social Insurance and Retirement Receipts,106425000000,Receipt,5.5,0.44267020497803805,368.0,1.0,1.05,386.40000000000003,0.995929862284104,368.0748905339725
Corporation Income Taxes,5935000000,Receipt,5.5,0.02468637694662585,123.0,6.0,5.699999999999999,116.85,0.995929862284104,122.97496865304724
Customs Duties,2421000000,Receipt,5.5,0.01007004525489152,74.0,7.0,6.6499999999999995,70.3,0.995929862284104,73.98494049045118
Miscellaneous Receipts,11516000000,Receipt,5.5,0.04790030613603088,221.0,4.0,4.0,221.0,0.995929862284104,221.0
Deficit,88426000000,Deficit,5.5,0.367804139491548,270.0,3.0,3.1500000000000004,283.5,0.995929862284104,270.0549468591646
Estate and Gift Taxes,2015000000,Receipt,5.5,0.008381305736723013,25.0,8.0,7.6,23.75,0.995929862284104,24.99491232785513
Excise Taxes,8123000000,Receipt,5.5,0.03378726873419406,172.0,5.0,4.75,163.4,0.995929862284104,171.9649968156433
Individual Income Taxes,103981000000,Receipt,5.5,0.4325044922134966,319.0,2.0,2.1,334.95,0.995929862284104,319.06491869656855
Excise Taxes,8123000000,Receipt,5.75,0.03378726873419406,172.0,5.0,4.75,163.4,0.9968273171575148,171.97271492755462
Deficit,88426000000,Deficit,5.75,0.367804139491548,270.0,3.0,3.1500000000000004,283.5,0.9968273171575148,270.0428312183735
Individual Income Taxes,103981000000,Receipt,5.75,0.4325044922134966,319.0,2.0,2.1,334.95,0.9968273171575148,319.05060429133766
Customs Duties,2421000000,Receipt,5.75,0.01007004525489152,74.0,7.0,6.6499999999999995,70.3,0.9968273171575148,73.9882610734828
Estate and Gift Taxes,2015000000,Receipt,5.75,0.008381305736723013,25.0,8.0,7.6,23.75,0.9968273171575148,24.996034146446895
Miscellaneous Receipts,11516000000,Receipt,5.75,0.04790030613603088,221.0,4.0,4.0,221.0,0.9968273171575148,221.0
Social Insurance and Retirement Receipts,106425000000,Receipt,5.75,0.44267020497803805,368.0,1.0,1.05,386.40000000000003,0.9968273171575148,368.05837736430175
Corporation Income Taxes,5935000000,Receipt,5.75,0.02468637694662585,123.0,6.0,5.699999999999999,116.85,0.9968273171575148,122.98048800051872
Miscellaneous Receipts,11516000000,Receipt,6.0,0.04790030613603088,221.0,4.0,4.0,221.0,0.9975273768433653,221.0
Corporation Income Taxes,5935000000,Receipt,6.0,0.02468637694662585,123.0,6.0,5.699999999999999,116.85,0.9975273768433653,122.98479336758669
Excise Taxes,8123000000,Receipt,6.0,0.03378726873419406,172.0,5.0,4.75,163.4,0.9975273768433653,171.97873544085294
Deficit,88426000000,Deficit,6.0,0.367804139491548,270.0,3.0,3.1500000000000004,283.5,0.9975273768433653,270.0333804126146
Individual Income Taxes,103981000000,Receipt,6.0,0.4325044922134966,319.0,2.0,2.1,334.95,0.9975273768433653,319.0394383393483
Social Insurance and Retirement Receipts,106425000000,Receipt,6.0,0.44267020497803805,368.0,1.0,1.05,386.40000000000003,0.9975273768433653,368.04549626608207
Customs Duties,2421000000,Receipt,6.0,0.01007004525489152,74.0,7.0,6.6499999999999995,70.3,0.9975273768433653,73.99085129432045
Estate and Gift Taxes,2015000000,Receipt,6.0,0.008381305736723013,25.0,8.0,7.6,23.75,0.9975273768433653,24.996909221054207
